Workbook

Sheet 0-DADOS
A1: Disciplina | B1: Fase | C1: Código | D1: Revisão | E1: Documento | F1: Extensão | G1: Situação | H1: Título | I1: Liberado para Orçamento | J1: Liberado para compra de materiais? | K1: Observações | L1: Prazo de entrega dos projetos | M1: Prazo de análise dos projetos
A2: ANC - Ancoragem | B2: 04 - EX - Executivo | C2: 1026NEO-ANC-EX-001-ANCORAGEM | D2: 00 | E2: 1026NEO-ANC-EX-001-ANCORAGEM-R00 | F2: dwg | G2: Liberado para Obra | H2: Projeto de Ancoragem - Cobertura | I2: SIM | J2: NÃO
I3: SIM | J3: NÃO
I4: SIM | J4: SIM

Sheet RESUMO GERAL
C1: LISTA MESTRA | CONTROLE DA SITUAÇÃO DE PROJETOS | I1: Código: FOR_PRO_XX
I2: Revisão: 22/10/2025
I3: Versão: 01
A4: Empreendimento
A5: Localização
A6: Data de atualização: | C6: =TODAY()
A7: Disciplina | B7: Situação | C7: Liberado para compra de materiais? | D7: Nº Total Documentos | E7: SIM p/ material | F7: SIM p/ Orçamento | G7: SIM p/ execução | H7: NÃO p/ execução | I7: OBSERVAÇÕES
A8: ACE - Acessibilidade | B8: LIBERADO PARA OBRA | C8: NÃO | D8: =COUNTIF('LISTA MESTRA'!$A$8:$A$5000,'RESUMO GERAL'!A8) | E8: =COUNTIFS('LISTA MESTRA'!$J$8:$J$5000,"SIM",'LISTA MESTRA'!$A$8:$A$5000,'RESUMO GERAL'!A8) | F8: =COUNTIFS('LISTA MESTRA'!$I$8:$I$5000,"SIM",'LISTA MESTRA'!$A$8:$A$5000,A8) | G8: =COUNTIFS('LISTA MESTRA'!$G$8:$G$5000,"Liberado para obra",'LISTA MESTRA'!$A$8:$A$5000,'RESUMO GERAL'!A8) | H8: =COUNTIFS('LISTA MESTRA'!$G$8:$G$5000,"Reprovado",'LISTA MESTRA'!$A$8:$A$5000,'RESUMO GERAL'!A8)+COUNTIFS('LISTA MESTRA'!$G$8:$G$5000,"Em análise",'LISTA MESTRA'!$A$8:$A$5000,'RESUMO GERAL'!A8)+COUNTIFS('LISTA MESTRA'!$G$8:$G$5000,"Aprovado",'LISTA MESTRA'!$A$8:$A$5000,'RESUMO GERAL'!A8)
A9: ANC - Ancoragem | B9: EM ANDAMENTO | C9: NÃO | D9: =COUNTIF('LISTA MESTRA'!$A$8:$A$5000,'RESUMO GERAL'!A9) | E9: =COUNTIFS('LISTA MESTRA'!$J$8:$J$5000,"SIM",'LISTA MESTRA'!$A$8:$A$5000,'RESUMO GERAL'!A9) | F9: =COUNTIFS('LISTA MESTRA'!$I$8:$I$5000,"SIM",'LISTA MESTRA'!$A$8:$A$5000,A9) | G9: =COUNTIFS('LISTA MESTRA'!$G$8:$G$5000,"Liberado para obra",'LISTA MESTRA'!$A$8:$A$5000,'RESUMO GERAL'!A9) | H9: =COUNTIFS('LISTA MESTRA'!$G$8:$G$5000,"Reprovado",'LISTA MESTRA'!$A$8:$A$5000,'RESUMO GERAL'!A9)+COUNTIFS('LISTA MESTRA'!$G$8:$G$5000,"Em análise",'LISTA MESTRA'!$A$8:$A$5000,'RESUMO GERAL'!A9)+COUNTIFS('LISTA MESTRA'!$G$8:$G$5000,"Aprovado",'LISTA MESTRA'!$A$8:$A$5000,'RESUMO GERAL'!A9)
A10: ARQ - Arquitetônico | B10: EM ANDAMENTO | C10: NÃO | D10: =COUNTIF('LISTA MESTRA'!$A$8:$A$5000,'RESUMO GERAL'!A10) | E10: =COUNTIFS('LISTA MESTRA'!$J$8:$J$5000,"SIM",'LISTA MESTRA'!$A$8:$A$5000,'RESUMO GERAL'!A10) | F10: =COUNTIFS('LISTA MESTRA'!$I$8:$I$5000,"SIM",'LISTA MESTRA'!$A$8:$A$5000,A10) | G10: =COUNTIFS('LISTA MESTRA'!$G$8:$G$5000,"Liberado para obra",'LISTA MESTRA'!$A$8:$A$5000,'RESUMO GERAL'!A10) | H10: =COUNTIFS('LISTA MESTRA'!$G$8:$G$5000,"Reprovado",'LISTA MESTRA'!$A$8:$A$5000,'RESUMO GERAL'!A10)+COUNTIFS('LISTA MESTRA'!$G$8:$G$5000,"Em análise",'LISTA MESTRA'!$A$8:$A$5000,'RESUMO GERAL'!A10)+COUNTIFS('LISTA MESTRA'!$G$8:$G$5000,"Aprovado",'LISTA MESTRA'!$A$8:$A$5000,'RESUMO GERAL'!A10)
A11: CDO - Canteiro de obra | B11: EM ANDAMENTO | C11: NÃO | D11: =COUNTIF('LISTA MESTRA'!$A$8:$A$5000,'RESUMO GERAL'!A11) | E11: =COUNTIFS('LISTA MESTRA'!$J$8:$J$5000,"SIM",'LISTA MESTRA'!$A$8:$A$5000,'RESUMO GERAL'!A11) | F11: =COUNTIFS('LISTA MESTRA'!$I$8:$I$5000,"SIM",'LISTA MESTRA'!$A$8:$A$5000,A11) | G11: =COUNTIFS('LISTA MESTRA'!$G$8:$G$5000,"Liberado para obra",'LISTA MESTRA'!$A$8:$A$5000,'RESUMO GERAL'!A11) | H11: =COUNTIFS('LISTA MESTRA'!$G$8:$G$5000,"Reprovado",'LISTA MESTRA'!$A$8:$A$5000,'RESUMO GERAL'!A11)+COUNTIFS('LISTA MESTRA'!$G$8:$G$5000,"Em análise",'LISTA MESTRA'!$A$8:$A$5000,'RESUMO GERAL'!A11)+COUNTIFS('LISTA MESTRA'!$G$8:$G$5000,"Aprovado",'LISTA MESTRA'!$A$8:$A$5000,'RESUMO GERAL'!A11) | I11: Muros de arrimo: liberação para a obra até __/__ Contenção: liberação para a obra até __/__ Muros de divisa: liberação para a obra até __/__ Muros de garden: liberação para a obra até __/__ Estrutura das torres: liberação para a obra até __/__ Estrutura das áreas comuns: liberação para a obra até __/__
A12: CLI - Climatização e exaustão | B12: EM ANDAMENTO | C12: NÃO | D12: =COUNTIF('LISTA MESTRA'!$A$8:$A$5000,'RESUMO GERAL'!A12) | E12: =COUNTIFS('LISTA MESTRA'!$J$8:$J$5000,"SIM",'LISTA MESTRA'!$A$8:$A$5000,'RESUMO GERAL'!A12) | F12: =COUNTIFS('LISTA MESTRA'!$I$8:$I$5000,"SIM",'LISTA MESTRA'!$A$8:$A$5000,A12) | G12: =COUNTIFS('LISTA MESTRA'!$G$8:$G$5000,"Liberado para obra",'LISTA MESTRA'!$A$8:$A$5000,'RESUMO GERAL'!A12) | H12: =COUNTIFS('LISTA MESTRA'!$G$8:$G$5000,"Reprovado",'LISTA MESTRA'!$A$8:$A$5000,'RESUMO GERAL'!A12)+COUNTIFS('LISTA MESTRA'!$G$8:$G$5000,"Em análise",'LISTA MESTRA'!$A$8:$A$5000,'RESUMO GERAL'!A12)+COUNTIFS('LISTA MESTRA'!$G$8:$G$5000,"Aprovado",'LISTA MESTRA'!$A$8:$A$5000,'RESUMO GERAL'!A12)
A13: COM - Comunicação visual | B13: EM ANDAMENTO | C13: NÃO | D13: =COUNTIF('LISTA MESTRA'!$A$8:$A$5000,'RESUMO GERAL'!A13) | E13: =COUNTIFS('LISTA MESTRA'!$J$8:$J$5000,"SIM",'LISTA MESTRA'!$A$8:$A$5000,'RESUMO GERAL'!A13) | F13: =COUNTIFS('LISTA MESTRA'!$I$8:$I$5000,"SIM",'LISTA MESTRA'!$A$8:$A$5000,A13) | G13: =COUNTIFS('LISTA MESTRA'!$G$8:$G$5000,"Liberado para obra",'LISTA MESTRA'!$A$8:$A$5000,'RESUMO GERAL'!A13) | H13: =COUNTIFS('LISTA MESTRA'!$G$8:$G$5000,"Reprovado",'LISTA MESTRA'!$A$8:$A$5000,'RESUMO GERAL'!A13)+COUNTIFS('LISTA MESTRA'!$G$8:$G$5000,"Em análise",'LISTA MESTRA'!$A$8:$A$5000,'RESUMO GERAL'!A13)+COUNTIFS('LISTA MESTRA'!$G$8:$G$5000,"Aprovado",'LISTA MESTRA'!$A$8:$A$5000,'RESUMO GERAL'!A13)
A14: DRE - Drenagem | B14: EM ANDAMENTO | C14: NÃO | D14: =COUNTIF('LISTA MESTRA'!$A$8:$A$5000,'RESUMO GERAL'!A14) | E14: =COUNTIFS('LISTA MESTRA'!$J$8:$J$5000,"SIM",'LISTA MESTRA'!$A$8:$A$5000,'RESUMO GERAL'!A14) | F14: =COUNTIFS('LISTA MESTRA'!$I$8:$I$5000,"SIM",'LISTA MESTRA'!$A$8:$A$5000,A14) | G14: =COUNTIFS('LISTA MESTRA'!$G$8:$G$5000,"Liberado para obra",'LISTA MESTRA'!$A$8:$A$5000,'RESUMO GERAL'!A14) | H14: =COUNTIFS('LISTA MESTRA'!$G$8:$G$5000,"Reprovado",'LISTA MESTRA'!$A$8:$A$5000,'RESUMO GERAL'!A14)+COUNTIFS('LISTA MESTRA'!$G$8:$G$5000,"Em análise",'LISTA MESTRA'!$A$8:$A$5000,'RESUMO GERAL'!A14)+COUNTIFS('LISTA MESTRA'!$G$8:$G$5000,"Aprovado",'LISTA MESTRA'!$A$8:$A$5000,'RESUMO GERAL'!A14)
A15: ELE - Elétrica | B15: EM ANDAMENTO | C15: NÃO | D15: =COUNTIF('LISTA MESTRA'!$A$8:$A$5000,'RESUMO GERAL'!A15) | E15: =COUNTIFS('LISTA MESTRA'!$J$8:$J$5000,"SIM",'LISTA MESTRA'!$A$8:$A$5000,'RESUMO GERAL'!A15) | F15: =COUNTIFS('LISTA MESTRA'!$I$8:$I$5000,"SIM",'LISTA MESTRA'!$A$8:$A$5000,A15) | G15: =COUNTIFS('LISTA MESTRA'!$G$8:$G$5000,"Liberado para obra",'LISTA MESTRA'!$A$8:$A$5000,'RESUMO GERAL'!A15) | H15: =COUNTIFS('LISTA MESTRA'!$G$8:$G$5000,"Reprovado",'LISTA MESTRA'!$A$8:$A$5000,'RESUMO GERAL'!A15)+COUNTIFS('LISTA MESTRA'!$G$8:$G$5000,"Em análise",'LISTA MESTRA'!$A$8:$A$5000,'RESUMO GERAL'!A15)+COUNTIFS('LISTA MESTRA'!$G$8:$G$5000,"Aprovado",'LISTA MESTRA'!$A$8:$A$5000,'RESUMO GERAL'!A15)
A16: ENS - Ensaios e laudos | B16: EM ANDAMENTO | C16: NÃO | D16: =COUNTIF('LISTA MESTRA'!$A$8:$A$5000,'RESUMO GERAL'!A16) | E16: =COUNTIFS('LISTA MESTRA'!$J$8:$J$5000,"SIM",'LISTA MESTRA'!$A$8:$A$5000,'RESUMO GERAL'!A16) | F16: =COUNTIFS('LISTA MESTRA'!$I$8:$I$5000,"SIM",'LISTA MESTRA'!$A$8:$A$5000,A16) | G16: =COUNTIFS('LISTA MESTRA'!$G$8:$G$5000,"Liberado para obra",'LISTA MESTRA'!$A$8:$A$5000,'RESUMO GERAL'!A16) | H16: =COUNTIFS('LISTA MESTRA'!$G$8:$G$5000,"Reprovado",'LISTA MESTRA'!$A$8:$A$5000,'RESUMO GERAL'!A16)+COUNTIFS('LISTA MESTRA'!$G$8:$G$5000,"Em análise",'LISTA MESTRA'!$A$8:$A$5000,'RESUMO GERAL'!A16)+COUNTIFS('LISTA MESTRA'!$G$8:$G$5000,"Aprovado",'LISTA MESTRA'!$A$8:$A$5000,'RESUMO GERAL'!A16)
A17: ESM - Estrutura metálica | B17: EM ANDAMENTO | C17: NÃO | D17: =COUNTIF('LISTA MESTRA'!$A$8:$A$5000,'RESUMO GERAL'!A17) | E17: =COUNTIFS('LISTA MESTRA'!$J$8:$J$5000,"SIM",'LISTA MESTRA'!$A$8:$A$5000,'RESUMO GERAL'!A17) | F17: =COUNTIFS('LISTA MESTRA'!$I$8:$I$5000,"SIM",'LISTA MESTRA'!$A$8:$A$5000,A17) | G17: =COUNTIFS('LISTA MESTRA'!$G$8:$G$5000,"Liberado para obra",'LISTA MESTRA'!$A$8:$A$5000,'RESUMO GERAL'!A17) | H17: =COUNTIFS('LISTA MESTRA'!$G$8:$G$5000,"Reprovado",'LISTA MESTRA'!$A$8:$A$5000,'RESUMO GERAL'!A17)+COUNTIFS('LISTA MESTRA'!$G$8:$G$5000,"Em análise",'LISTA MESTRA'!$A$8:$A$5000,'RESUMO GERAL'!A17)+COUNTIFS('LISTA MESTRA'!$G$8:$G$5000,"Aprovado",'LISTA MESTRA'!$A$8:$A$5000,'RESUMO GERAL'!A17)
A18: EST - Estrutura | B18: EM ANDAMENTO | C18: NÃO | D18: =COUNTIF('LISTA MESTRA'!$A$8:$A$5000,'RESUMO GERAL'!A18) | E18: =COUNTIFS('LISTA MESTRA'!$J$8:$J$5000,"SIM",'LISTA MESTRA'!$A$8:$A$5000,'RESUMO GERAL'!A18) | F18: =COUNTIFS('LISTA MESTRA'!$I$8:$I$5000,"SIM",'LISTA MESTRA'!$A$8:$A$5000,A18) | G18: =COUNTIFS('LISTA MESTRA'!$G$8:$G$5000,"Liberado para obra",'LISTA MESTRA'!$A$8:$A$5000,'RESUMO GERAL'!A18) | H18: =COUNTIFS('LISTA MESTRA'!$G$8:$G$5000,"Reprovado",'LISTA MESTRA'!$A$8:$A$5000,'RESUMO GERAL'!A18)+COUNTIFS('LISTA MESTRA'!$G$8:$G$5000,"Em análise",'LISTA MESTRA'!$A$8:$A$5000,'RESUMO GERAL'!A18)+COUNTIFS('LISTA MESTRA'!$G$8:$G$5000,"Aprovado",'LISTA MESTRA'!$A$8:$A$5000,'RESUMO GERAL'!A18)
A19: FUN - Fundações e contenções | B19: EM ANDAMENTO | C19: NÃO | D19: =COUNTIF('LISTA MESTRA'!$A$8:$A$5000,'RESUMO GERAL'!A19) | E19: =COUNTIFS('LISTA MESTRA'!$J$8:$J$5000,"SIM",'LISTA MESTRA'!$A$8:$A$5000,'RESUMO GERAL'!A19) | F19: =COUNTIFS('LISTA MESTRA'!$I$8:$I$5000,"SIM",'LISTA MESTRA'!$A$8:$A$5000,A19) | G19: =COUNTIFS('LISTA MESTRA'!$G$8:$G$5000,"Liberado para obra",'LISTA MESTRA'!$A$8:$A$5000,'RESUMO GERAL'!A19) | H19: =COUNTIFS('LISTA MESTRA'!$G$8:$G$5000,"Reprovado",'LISTA MESTRA'!$A$8:$A$5000,'RESUMO GERAL'!A19)+COUNTIFS('LISTA MESTRA'!$G$8:$G$5000,"Em análise",'LISTA MESTRA'!$A$8:$A$5000,'RESUMO GERAL'!A19)+COUNTIFS('LISTA MESTRA'!$G$8:$G$5000,"Aprovado",'LISTA MESTRA'!$A$8:$A$5000,'RESUMO GERAL'!A19)
A20: FUR - Furações e passantes | B20: EM ANDAMENTO | C20: NÃO | D20: =COUNTIF('LISTA MESTRA'!$A$8:$A$5000,'RESUMO GERAL'!A20) | E20: =COUNTIFS('LISTA MESTRA'!$J$8:$J$5000,"SIM",'LISTA MESTRA'!$A$8:$A$5000,'RESUMO GERAL'!A20) | F20: =COUNTIFS('LISTA MESTRA'!$I$8:$I$5000,"SIM",'LISTA MESTRA'!$A$8:$A$5000,A20) | G20: =COUNTIFS('LISTA MESTRA'!$G$8:$G$5000,"Liberado para obra",'LISTA MESTRA'!$A$8:$A$5000,'RESUMO GERAL'!A20) | H20: =COUNTIFS('LISTA MESTRA'!$G$8:$G$5000,"Reprovado",'LISTA MESTRA'!$A$8:$A$5000,'RESUMO GERAL'!A20)+COUNTIFS('LISTA MESTRA'!$G$8:$G$5000,"Em análise",'LISTA MESTRA'!$A$8:$A$5000,'RESUMO GERAL'!A20)+COUNTIFS('LISTA MESTRA'!$G$8:$G$5000,"Aprovado",'LISTA MESTRA'!$A$8:$A$5000,'RESUMO GERAL'!A20)
A21: GAS - Gás | B21: EM ANDAMENTO | C21: NÃO | D21: =COUNTIF('LISTA MESTRA'!$A$8:$A$5000,'RESUMO GERAL'!A21) | E21: =COUNTIFS('LISTA MESTRA'!$J$8:$J$5000,"SIM",'LISTA MESTRA'!$A$8:$A$5000,'RESUMO GERAL'!A21) | F21: =COUNTIFS('LISTA MESTRA'!$I$8:$I$5000,"SIM",'LISTA MESTRA'!$A$8:$A$5000,A21) | G21: =COUNTIFS('LISTA MESTRA'!$G$8:$G$5000,"Liberado para obra",'LISTA MESTRA'!$A$8:$A$5000,'RESUMO GERAL'!A21) | H21: =COUNTIFS('LISTA MESTRA'!$G$8:$G$5000,"Reprovado",'LISTA MESTRA'!$A$8:$A$5000,'RESUMO GERAL'!A21)+COUNTIFS('LISTA MESTRA'!$G$8:$G$5000,"Em análise",'LISTA MESTRA'!$A$8:$A$5000,'RESUMO GERAL'!A21)+COUNTIFS('LISTA MESTRA'!$G$8:$G$5000,"Aprovado",'LISTA MESTRA'!$A$8:$A$5000,'RESUMO GERAL'!A21)
A22: HID - Hidrossanitário | B22: EM ANDAMENTO | C22: NÃO | D22: =COUNTIF('LISTA MESTRA'!$A$8:$A$5000,'RESUMO GERAL'!A22) | E22: =COUNTIFS('LISTA MESTRA'!$J$8:$J$5000,"SIM",'LISTA MESTRA'!$A$8:$A$5000,'RESUMO GERAL'!A22) | F22: =COUNTIFS('LISTA MESTRA'!$I$8:$I$5000,"SIM",'LISTA MESTRA'!$A$8:$A$5000,A22) | G22: =COUNTIFS('LISTA MESTRA'!$G$8:$G$5000,"Liberado para obra",'LISTA MESTRA'!$A$8:$A$5000,'RESUMO GERAL'!A22) | H22: =COUNTIFS('LISTA MESTRA'!$G$8:$G$5000,"Reprovado",'LISTA MESTRA'!$A$8:$A$5000,'RESUMO GERAL'!A22)+COUNTIFS('LISTA MESTRA'!$G$8:$G$5000,"Em análise",'LISTA MESTRA'!$A$8:$A$5000,'RESUMO GERAL'!A22)+COUNTIFS('LISTA MESTRA'!$G$8:$G$5000,"Aprovado",'LISTA MESTRA'!$A$8:$A$5000,'RESUMO GERAL'!A22)
A23: IMP - Impermeabilização | B23: EM ANDAMENTO | C23: NÃO | D23: =COUNTIF('LISTA MESTRA'!$A$8:$A$5000,'RESUMO GERAL'!A23) | E23: =COUNTIFS('LISTA MESTRA'!$J$8:$J$5000,"SIM",'LISTA MESTRA'!$A$8:$A$5000,'RESUMO GERAL'!A23) | F23: =COUNTIFS('LISTA MESTRA'!$I$8:$I$5000,"SIM",'LISTA MESTRA'!$A$8:$A$5000,A23) | G23: =COUNTIFS('LISTA MESTRA'!$G$8:$G$5000,"Liberado para obra",'LISTA MESTRA'!$A$8:$A$5000,'RESUMO GERAL'!A23) | H23: =COUNTIFS('LISTA MESTRA'!$G$8:$G$5000,"Reprovado",'LISTA MESTRA'!$A$8:$A$5000,'RESUMO GERAL'!A23)+COUNTIFS('LISTA MESTRA'!$G$8:$G$5000,"Em análise",'LISTA MESTRA'!$A$8:$A$5000,'RESUMO GERAL'!A23)+COUNTIFS('LISTA MESTRA'!$G$8:$G$5000,"Aprovado",'LISTA MESTRA'!$A$8:$A$5000,'RESUMO GERAL'!A23)
... A41: TOP - Topografia | B41: EM ANDAMENTO | C41: NÃO | D41: =COUNTIF('LISTA MESTRA'!$A$8:$A$5000,'RESUMO GERAL'!A41) | E41: =COUNTIFS('LISTA MESTRA'!$J$8:$J$5000,"SIM",'LISTA MESTRA'!$A$8:$A$5000,'RESUMO GERAL'!A41) | F41: =COUNTIFS('LISTA MESTRA'!$I$8:$I$5000,"SIM",'LISTA MESTRA'!$A$8:$A$5000,A41) | G41: =COUNTIFS('LISTA MESTRA'!$G$8:$G$5000,"Liberado para obra",'LISTA MESTRA'!$A$8:$A$5000,'RESUMO GERAL'!A41) | H41: =COUNTIFS('LISTA MESTRA'!$G$8:$G$5000,"Reprovado",'LISTA MESTRA'!$A$8:$A$5000,'RESUMO GERAL'!A41)+COUNTIFS('LISTA MESTRA'!$G$8:$G$5000,"Em análise",'LISTA MESTRA'!$A$8:$A$5000,'RESUMO GERAL'!A41)+COUNTIFS('LISTA MESTRA'!$G$8:$G$5000,"Aprovado",'LISTA MESTRA'!$A$8:$A$5000,'RESUMO GERAL'!A41)
A43: Resumo geral dos documentos
A45: Total de documentos | B45: =SUM($D$8:$D$41) | C45: 1
A46: Doc. Liberados material | B46: =SUM($E$8:$E$41) | C46: =B46/B45
A47: Doc. Liberados para Orçamentos | B47: =SUM($F$8:$F$41) | C47: =B47/B45
A48: Doc. Liberados execução (liberados para obra) | B48: =SUM($G$8:$G$41) | C48: =B48/B45
A51: Observações
A52: 1 - A partir da data de entrega da correção dos projetos, o setor de projetos tem até 8 dias úteis para realizar a compatibilização
A53: 2 - Para arquivos de Acessibilidade, Arquitetura, Interiores, Publicidade e Paisagismo validar com equipe de Arquitetura/Incorporação

Sheet LISTA MESTRA
C1: LISTA MESTRA | CONTROLE DA SITUAÇÃO DE PROJETOS | H1: Código: FOR_PRO_XX | I1: Liberados para compra de materiais | K1: Situação dos projetos
H2: ='RESUMO GERAL'!I2 | I2: SIM | J2: =COUNTIF(I8:I1048576,I2) | K2: Liberado para obra | L2: =COUNTIF(G8:G1048576,K2)
H3: ='RESUMO GERAL'!I3 | I3: NÃO | J3: =COUNTIF(I8:I1048576,I3) | K3: Em análise | L3: =COUNTIF(G8:G1048576,K3)
A4: Empreendimento | C4: ='RESUMO GERAL'!C4 | K4: Aprovado | L4: =COUNTIF(G7:G1048575,K4)
A5: Localização | C5: ='RESUMO GERAL'!C5 | K5: Reprovado | L5: =COUNTIF(G8:G1048576,K5)
A6: Data de atualização: | C6: ='RESUMO GERAL'!C6
A7: Disciplina | B7: Fase | C7: Código | D7: Revisão | E7: Documento | F7: Extensão | G7: Situação | H7: Título | I7: Liberado para Orçamento | J7: Liberado para compra de materiais? | K7: Observações | L7: Prazo de entrega dos projetos | M7: Prazo de análise dos projetos
A8: =IF('0-DADOS'!A2<>0,'0-DADOS'!A2,"") | B8: =IF('0-DADOS'!B2<>0,'0-DADOS'!B2,"") | C8: =IF('0-DADOS'!C2<>0,'0-DADOS'!C2,"") | D8: =IF('0-DADOS'!D2<>0,'0-DADOS'!D2,"") | E8: =IF('0-DADOS'!E2<>0,'0-DADOS'!E2,"") | F8: =IF('0-DADOS'!F2<>0,'0-DADOS'!F2,"") | G8: =IF('0-DADOS'!G2<>0,'0-DADOS'!G2,"") | H8: =IF('0-DADOS'!H2<>0,'0-DADOS'!H2,"") | ... M8: =IF('0-DADOS'!M2<>0,'0-DADOS'!M2,"")
A9: =IF('0-DADOS'!A3<>0,'0-DADOS'!A3,"") | B9: =IF('0-DADOS'!B3<>0,'0-DADOS'!B3,"") | C9: =IF('0-DADOS'!C3<>0,'0-DADOS'!C3,"") | D9: =IF('0-DADOS'!D3<>0,'0-DADOS'!D3,"") | E9: =IF('0-DADOS'!E3<>0,'0-DADOS'!E3,"") | F9: =IF('0-DADOS'!F3<>0,'0-DADOS'!F3,"") | G9: =IF('0-DADOS'!G3<>0,'0-DADOS'!G3,"") | H9: =IF('0-DADOS'!H3<>0,'0-DADOS'!H3,"") | ... M9: =IF('0-DADOS'!M3<>0,'0-DADOS'!M3,"")
A10: =IF('0-DADOS'!A4<>0,'0-DADOS'!A4,"") | B10: =IF('0-DADOS'!B4<>0,'0-DADOS'!B4,"") | C10: =IF('0-DADOS'!C4<>0,'0-DADOS'!C4,"") | D10: =IF('0-DADOS'!D4<>0,'0-DADOS'!D4,"") | E10: =IF('0-DADOS'!E4<>0,'0-DADOS'!E4,"") | F10: =IF('0-DADOS'!F4<>0,'0-DADOS'!F4,"") | G10: =IF('0-DADOS'!G4<>0,'0-DADOS'!G4,"") | H10: =IF('0-DADOS'!H4<>0,'0-DADOS'!H4,"") | ... M10: =IF('0-DADOS'!M4<>0,'0-DADOS'!M4,"")
A11: =IF('0-DADOS'!A5<>0,'0-DADOS'!A5,"") | B11: =IF('0-DADOS'!B5<>0,'0-DADOS'!B5,"") | C11: =IF('0-DADOS'!C5<>0,'0-DADOS'!C5,"") | D11: =IF('0-DADOS'!D5<>0,'0-DADOS'!D5,"") | E11: =IF('0-DADOS'!E5<>0,'0-DADOS'!E5,"") | F11: =IF('0-DADOS'!F5<>0,'0-DADOS'!F5,"") | G11: =IF('0-DADOS'!G5<>0,'0-DADOS'!G5,"") | H11: =IF('0-DADOS'!H5<>0,'0-DADOS'!H5,"") | ... M11: =IF('0-DADOS'!M5<>0,'0-DADOS'!M5,"")
A12: =IF('0-DADOS'!A6<>0,'0-DADOS'!A6,"") | B12: =IF('0-DADOS'!B6<>0,'0-DADOS'!B6,"") | C12: =IF('0-DADOS'!C6<>0,'0-DADOS'!C6,"") | D12: =IF('0-DADOS'!D6<>0,'0-DADOS'!D6,"") | E12: =IF('0-DADOS'!E6<>0,'0-DADOS'!E6,"") | F12: =IF('0-DADOS'!F6<>0,'0-DADOS'!F6,"") | G12: =IF('0-DADOS'!G6<>0,'0-DADOS'!G6,"") | H12: =IF('0-DADOS'!H6<>0,'0-DADOS'!H6,"") | ... M12: =IF('0-DADOS'!M6<>0,'0-DADOS'!M6,"")
A13: =IF('0-DADOS'!A7<>0,'0-DADOS'!A7,"") | B13: =IF('0-DADOS'!B7<>0,'0-DADOS'!B7,"") | C13: =IF('0-DADOS'!C7<>0,'0-DADOS'!C7,"") | D13: =IF('0-DADOS'!D7<>0,'0-DADOS'!D7,"") | E13: =IF('0-DADOS'!E7<>0,'0-DADOS'!E7,"") | F13: =IF('0-DADOS'!F7<>0,'0-DADOS'!F7,"") | G13: =IF('0-DADOS'!G7<>0,'0-DADOS'!G7,"") | H13: =IF('0-DADOS'!H7<>0,'0-DADOS'!H7,"") | ... M13: =IF('0-DADOS'!M7<>0,'0-DADOS'!M7,"")
A14: =IF('0-DADOS'!A8<>0,'0-DADOS'!A8,"") | B14: =IF('0-DADOS'!B8<>0,'0-DADOS'!B8,"") | C14: =IF('0-DADOS'!C8<>0,'0-DADOS'!C8,"") | D14: =IF('0-DADOS'!D8<>0,'0-DADOS'!D8,"") | E14: =IF('0-DADOS'!E8<>0,'0-DADOS'!E8,"") | F14: =IF('0-DADOS'!F8<>0,'0-DADOS'!F8,"") | G14: =IF('0-DADOS'!G8<>0,'0-DADOS'!G8,"") | H14: =IF('0-DADOS'!H8<>0,'0-DADOS'!H8,"") | ... M14: =IF('0-DADOS'!M8<>0,'0-DADOS'!M8,"")
A15: =IF('0-DADOS'!A9<>0,'0-DADOS'!A9,"") | B15: =IF('0-DADOS'!B9<>0,'0-DADOS'!B9,"") | C15: =IF('0-DADOS'!C9<>0,'0-DADOS'!C9,"") | D15: =IF('0-DADOS'!D9<>0,'0-DADOS'!D9,"") | E15: =IF('0-DADOS'!E9<>0,'0-DADOS'!E9,"") | F15: =IF('0-DADOS'!F9<>0,'0-DADOS'!F9,"") | G15: =IF('0-DADOS'!G9<>0,'0-DADOS'!G9,"") | H15: =IF('0-DADOS'!H9<>0,'0-DADOS'!H9,"") | ... M15: =IF('0-DADOS'!M9<>0,'0-DADOS'!M9,"")
A16: =IF('0-DADOS'!A10<>0,'0-DADOS'!A10,"") | B16: =IF('0-DADOS'!B10<>0,'0-DADOS'!B10,"") | C16: =IF('0-DADOS'!C10<>0,'0-DADOS'!C10,"") | D16: =IF('0-DADOS'!D10<>0,'0-DADOS'!D10,"") | E16: =IF('0-DADOS'!E10<>0,'0-DADOS'!E10,"") | F16: =IF('0-DADOS'!F10<>0,'0-DADOS'!F10,"") | G16: =IF('0-DADOS'!G10<>0,'0-DADOS'!G10,"") | H16: =IF('0-DADOS'!H10<>0,'0-DADOS'!H10,"") | ... M16: =IF('0-DADOS'!M10<>0,'0-DADOS'!M10,"")
A17: =IF('0-DADOS'!A11<>0,'0-DADOS'!A11,"") | B17: =IF('0-DADOS'!B11<>0,'0-DADOS'!B11,"") | C17: =IF('0-DADOS'!C11<>0,'0-DADOS'!C11,"") | D17: =IF('0-DADOS'!D11<>0,'0-DADOS'!D11,"") | E17: =IF('0-DADOS'!E11<>0,'0-DADOS'!E11,"") | F17: =IF('0-DADOS'!F11<>0,'0-DADOS'!F11,"") | G17: =IF('0-DADOS'!G11<>0,'0-DADOS'!G11,"") | H17: =IF('0-DADOS'!H11<>0,'0-DADOS'!H11,"") | ... M17: =IF('0-DADOS'!M11<>0,'0-DADOS'!M11,"")
A18: =IF('0-DADOS'!A12<>0,'0-DADOS'!A12,"") | B18: =IF('0-DADOS'!B12<>0,'0-DADOS'!B12,"") | C18: =IF('0-DADOS'!C12<>0,'0-DADOS'!C12,"") | D18: =IF('0-DADOS'!D12<>0,'0-DADOS'!D12,"") | E18: =IF('0-DADOS'!E12<>0,'0-DADOS'!E12,"") | F18: =IF('0-DADOS'!F12<>0,'0-DADOS'!F12,"") | G18: =IF('0-DADOS'!G12<>0,'0-DADOS'!G12,"") | H18: =IF('0-DADOS'!H12<>0,'0-DADOS'!H12,"") | ... M18: =IF('0-DADOS'!M12<>0,'0-DADOS'!M12,"")
A19: =IF('0-DADOS'!A13<>0,'0-DADOS'!A13,"") | B19: =IF('0-DADOS'!B13<>0,'0-DADOS'!B13,"") | C19: =IF('0-DADOS'!C13<>0,'0-DADOS'!C13,"") | D19: =IF('0-DADOS'!D13<>0,'0-DADOS'!D13,"") | E19: =IF('0-DADOS'!E13<>0,'0-DADOS'!E13,"") | F19: =IF('0-DADOS'!F13<>0,'0-DADOS'!F13,"") | G19: =IF('0-DADOS'!G13<>0,'0-DADOS'!G13,"") | H19: =IF('0-DADOS'!H13<>0,'0-DADOS'!H13,"") | ... M19: =IF('0-DADOS'!M13<>0,'0-DADOS'!M13,"")
... A5000: =IF('0-DADOS'!A4994<>0,'0-DADOS'!A4994,"") | B5000: =IF('0-DADOS'!B4994<>0,'0-DADOS'!B4994,"") | C5000: =IF('0-DADOS'!C4994<>0,'0-DADOS'!C4994,"") | D5000: =IF('0-DADOS'!D4994<>0,'0-DADOS'!D4994,"") | E5000: =IF('0-DADOS'!E4994<>0,'0-DADOS'!E4994,"") | F5000: =IF('0-DADOS'!F4994<>0,'0-DADOS'!F4994,"") | G5000: =IF('0-DADOS'!G4994<>0,'0-DADOS'!G4994,"") | H5000: =IF('0-DADOS'!H4994<>0,'0-DADOS'!H4994,"") | ... M5000: =IF('0-DADOS'!M4994<>0,'0-DADOS'!M4994,"")

Sheet CONFIG
A1: SITUACAO_LIST | B1: SIM_NAO
A2: Liberado para obra | B2: SIM
A3: Em análise | B3: NÃO
A4: Aprovado
A5: Reprovado
